1403715274.262142896652222,-0.000002491449702,-0.000003785737273,-0.000000494330528,-0.000996604592144,-0.001514332458013,-0.000197737114131,
1403715274.267143011093140,-0.000009880881282,-0.000015381103388,-0.000000525963263,-0.001959100389186,-0.003123707831393,0.000185084309596,
1403715274.272142887115479,-0.000021586487321,-0.000033829029814,-0.000000502188666,-0.002723258127865,-0.004255645714185,-0.000175574234769,
1403715274.277143001556396,-0.000036673197494,-0.000055339958193,-0.000002627061717,-0.003311287821489,-0.004348528703623,-0.000674355532545,
1403715274.282143115997314,-0.000054020362142,-0.000073145629155,-0.000008233112899,-0.003627419223338,-0.002773576668994,-0.001568013616401,
1403715274.287142992019653,-0.000072683821989,-0.000080354315944,-0.000017083022068,-0.003838149828382,-0.000109969545646,-0.001972037828791,
1403715274.292143106460571,-0.000092744998850,-0.000073994478886,-0.000025163172047,-0.004186137254709,0.002653846144232,-0.001259948188560,
1403715274.297142982482910,-0.000114651650146,-0.000055442347814,-0.000029531938517,-0.004576740543764,0.004767190293063,-0.000487601730675,
1403715274.302143096923828,-0.000139076868911,-0.000029631561221,-0.000031256697630,-0.005193123347938,0.005556888044852,-0.000202286124079,
1403715274.307142972946167,-0.000167605502324,-0.000004643928391,-0.000032266582561,-0.006218612977338,0.004438412925722,-0.000201677865094,
1403715274.312143087387085,-0.000295898069585,0.000352776983306,0.000387746479527,-0.007235732830436,0.004159184221546,-0.000792937789435,
1403715274.317142963409424,-0.000334835874207,0.000368574942027,0.000380332331346,-0.008339775221461,0.002160155958188,-0.002172795020056,
1403715274.322143077850342,-0.000379417607874,0.000376450916619,0.000366941053308,-0.009492510096438,0.000990161773721,-0.003183593597294,
1403715274.327142953872681,-0.000429361310098,0.000380651833945,0.000350536303323,-0.010485466158080,0.000690246823123,-0.003378469106569,
1403715274.332143068313599,-0.000483781515003,0.000386643750311,0.000334776910076,-0.011282117583354,0.001706464866835,-0.002925143913628,
1403715274.337142944335938,-0.000541421316787,0.000400622501745,0.000321306781621,-0.011774374828068,0.003885174354488,-0.002463041071482,
1403715274.342143058776855,-0.000600536880325,0.000426643974454,0.000308859519305,-0.011871309380335,0.006523176501060,-0.002515749899332,
1403715274.347142934799194,-0.000660476048970,0.000465135206301,0.000293522891988,-0.012104952581965,0.008873698011241,-0.003619053143265,
1403715274.352143049240112,-0.000722294796356,0.000511469974462,0.000272275212087,-0.012621980417960,0.009659785055283,-0.004879824293151,
1403715274.357142925262451,-0.000787199913717,0.000557523591624,0.000246340915821,-0.013340710284894,0.008762118590723,-0.005494151441539,
1403715274.362143039703369,-0.000120102414877,0.000371118166705,-0.000709976155459,-0.011019517467163,0.006647351553176,-0.010671964819819,
1403715274.367142915725708,-0.000177786853155,0.000398408058588,-0.000761148771382,-0.012054829984815,0.004268875873435,-0.009797589102800,
1403715274.372143030166626,-0.000240307955929,0.000416713410134,-0.000808694966158,-0.012953038739930,0.003053097158593,-0.009220453519282,
1403715274.377142906188965,-0.000305829231858,0.000435567847446,-0.000857026691618,-0.013256121501709,0.004488864772876,-0.010112716040870,
1403715274.382143020629883,-0.000370696954873,0.000468793126558,-0.000911450613380,-0.012690373836473,0.008800942692419,-0.011656354409274,
1403715274.387142896652222,-0.000432706483576,0.000525723279907,-0.000974638969935,-0.012114052683326,0.013971683306803,-0.013619614943910,
1403715274.392143011093140,-0.000493160595264,0.000602044609809,-0.001044330359170,-0.012067038530720,0.016556149927083,-0.014256302721217,
1403715274.397142887115479,-0.000555626942265,0.000680241278460,-0.001114031221971,-0.012920119839542,0.014723293123993,-0.013624733724228,
1403715274.402143001556396,-0.000624384246830,0.000739679110452,-0.001180804345751,-0.014582172508950,0.009051295515393,-0.013083904475519,
1403715274.407143115997314,-0.000701419398249,0.000768007783654,-0.001244138599219,-0.016231182797158,0.002279914414762,-0.012249217082594,
1403715274.412142992019653,-0.000424298209134,0.000296982352577,-0.000897978375897,-0.014632405893415,-0.003747206933671,-0.009770368638930,
1403715274.417143106460571,-0.000497859592553,0.000284928456341,-0.000950866573686,-0.014791474015174,-0.001074241206562,-0.011384426281724,
1403715274.422142982482910,-0.000570994153538,0.000296489579270,-0.001011871496782,-0.014463075760713,0.005698805046649,-0.013018148031741,
1403715274.427143096923828,-0.000642381199231,0.000344280414246,-0.001080025383525,-0.014091088963653,0.013417091415449,-0.014242782711922,
1403715274.432142972946167,-0.000713297800417,0.000423371097865,-0.001150255227186,-0.014276254894048,0.018219966490014,-0.013849851324433,
1403715274.437143087387085,-0.000787743303969,0.000514260270891,-0.001215799393738,-0.015501264973553,0.018134870624185,-0.012367215235285,
1403715274.442142963409424,-0.000869262184059,0.000595224445766,-0.001276926006439,-0.017107095604149,0.014251602365342,-0.012084036127146,
1403715274.447143077850342,-0.000958144685636,0.000653163348082,-0.001339264224091,-0.018445091301713,0.008923428126927,-0.012850680223122,
1403715274.452142953872681,-0.001053300655308,0.000685625463069,-0.001406099420340,-0.019618240367520,0.004061739841809,-0.013884061178598,
1403715274.457143068313599,-0.001153164406421,0.000698254800455,-0.001477061070424,-0.020326345818888,0.000989879490203,-0.014499949196611,
1403715274.462142944335938,-0.000761953665202,0.000346240671221,-0.000988225347404,-0.017084825498272,-0.000957770105862,-0.011407759590653,
1403715274.467143058776855,-0.000848397678759,0.000347842569519,-0.001047331222621,-0.017491988524114,0.001598514759943,-0.012234049377981,
1403715274.472142934799194,-0.000936928098291,0.000364258440536,-0.001107169569325,-0.017921057373715,0.004967996466922,-0.011701882807906,
1403715274.477143049240112,-0.001027047592291,0.000399166237675,-0.001163902107175,-0.018125915176753,0.008994802805457,-0.010990612942220,
1403715274.482142925262451,-0.001117672119183,0.000452501696132,-0.001220385833729,-0.018124794435417,0.012339909583042,-0.011603437910657,
1403715274.487143039703369,-0.001209129976729,0.000517639724270,-0.001281637900341,-0.018457511280777,0.013714705329268,-0.012896827967654,
1403715274.492142915725708,-0.001303730618880,0.000584692095929,-0.001349255628109,-0.019383683871869,0.013106908390625,-0.014150933803316,
1403715274.497143030166626,-0.001402874017365,0.000644363288644,-0.001422080989201,-0.020272767858206,0.010761022401786,-0.014978543912745,
1403715274.502142906188965,-0.001507389640709,0.000689737864325,-0.001497820432398,-0.021534518113336,0.007389257916443,-0.015317984584455,
1403715274.507143020629883,-0.001618906162436,0.000717990378891,-0.001574882454423,-0.023071069636563,0.003911489256337,-0.015506118717966,
1403715274.512142896652222,-0.001086861181647,0.000467526516036,-0.001014224652016,-0.019818507577115,0.001388412343159,-0.011200091237575,
1403715274.517143011093140,-0.001188939814838,0.000475674032326,-0.001070498255396,-0.021012011162762,0.001870519581755,-0.011308834925984,
1403715274.522142887115479,-0.001295793779441,0.000488601162742,-0.001130300324454,-0.021730634505203,0.003300460802054,-0.012612585841704,
1403715274.527143001556396,-0.001405100234418,0.000511158606523,-0.001194365041715,-0.021990946777812,0.005722310195490,-0.013012714545826,
1403715274.532143115997314,-0.001515641338242,0.000547300000943,-0.001261323590572,-0.022224482741081,0.008733916695376,-0.013770091987424,
1403715274.537142992019653,-0.001627569258270,0.000596967776649,-0.001332049456957,-0.022547795422516,0.011133686215062,-0.014520956058074,
1403715274.542143106460571,-0.001742147588582,0.000656272835449,-0.001405710412925,-0.023282487730185,0.012587794363348,-0.014942751958382,
1403715274.547142982482910,-0.001860748897689,0.000719385813090,-0.001480114302196,-0.024159212255102,0.012658022676543,-0.014819541721730,
1403715274.552143096923828,-0.001983910042947,0.000777954433250,-0.001552639479030,-0.025104118299778,0.010768889187759,-0.014189865039525,
1403715274.557142972946167,-0.002112847057427,0.000823531645418,-0.001624725557053,-0.026471966348618,0.007462447735404,-0.014645281152449,
1403715274.562143087387085,-0.000835501298371,0.001468322161394,-0.000486766951711,-0.018535360223832,0.010380745194834,-0.008362567340930,
1403715274.567142963409424,-0.000929975096637,0.001517904573447,-0.000529574394157,-0.019255096117092,0.009452711407155,-0.008760834221363,
1403715274.572143077850342,-0.001028800374643,0.001564069706295,-0.000574122260223,-0.020274110333388,0.009012919087477,-0.009057904366441,
1403715274.577142953872681,-0.001132629905614,0.001607037066450,-0.000619270206880,-0.021258731883798,0.008174451144610,-0.009001722094415,
1403715274.582143068313599,-0.001241931630932,0.001645248666173,-0.000664044543135,-0.022460957579342,0.007109838914813,-0.008907602495717,
1403715274.587142944335938,-0.001356167360450,0.001682050158886,-0.000711206009885,-0.023234467270012,0.007611123184697,-0.009957451973517,
1403715274.592143058776855,-0.001473497143244,0.001725028327305,-0.000761961852746,-0.023696371686012,0.009579750714803,-0.010344420497714,
1403715274.597142934799194,-0.001592623032986,0.001782282164190,-0.000816774664309,-0.023955165755889,0.013322351908972,-0.011581247786224,
1403715274.602143049240112,-0.001712135141195,0.001861184956687,-0.000876944921816,-0.023848583387058,0.018238042729808,-0.012486304354052,
1403715274.607142925262451,-0.001832496896096,0.001958473780417,-0.000939966476740,-0.024297312376294,0.020678451717209,-0.012722942692257,
1403715274.612143039703369,-0.001117481174829,0.000695570531629,-0.000671447851413,-0.019986701038063,0.010274228655398,-0.011798027315593,
1403715274.617142915725708,-0.001220822992242,0.000732704746968,-0.000729387148022,-0.021351050918809,0.004579825794354,-0.011378265996286,
1403715274.622143030166626,-0.001331717781917,0.000740072167356,-0.000787059553557,-0.023005849702171,-0.001632925088268,-0.011690168223437,
1403715274.627142906188965,-0.001450596672036,0.000722158221438,-0.000846046579146,-0.024546885440926,-0.005532830957399,-0.011905227072280,
1403715274.632143020629883,-0.001575874261566,0.000692800206486,-0.000906950990282,-0.025563003446945,-0.006210106248983,-0.012455979798507,
1403715274.637142896652222,-0.001704045687023,0.000667514761573,-0.000972124151858,-0.025706837998877,-0.003904322508964,-0.013613931249271,
1403715274.642143011093140,-0.001832378780328,0.000658139102578,-0.001038458270376,-0.025625224425098,0.000154144745758,-0.012919108864731,
1403715274.647142887115479,-0.001961793260190,0.000668519319624,-0.001103753818360,-0.026141851111906,0.003998045028343,-0.013199757960190,
1403715274.652143001556396,-0.002094219625523,0.000694104877377,-0.001169042663421,-0.026827482649788,0.006235943835438,-0.012915182340715,
1403715274.657143115997314,-0.002230477597632,0.000727887909525,-0.001232367403565,-0.027674458743105,0.007276959737939,-0.012414133974508,
1403715274.662142992019653,-0.001527966527873,0.000860460363547,-0.001371940939962,-0.023688723478040,0.008642216412442,-0.014040037934334,
1403715274.667143106460571,-0.001649915187646,0.000898156383580,-0.001441485216817,-0.025089623983159,0.006435846491235,-0.013777036125334,
1403715274.672142982482910,-0.001780842811905,0.000920355297516,-0.001513136085861,-0.027282724320984,0.002443939262362,-0.014884022158722,
1403715274.677143096923828,-0.001922825183439,0.000921063408934,-0.001589235280397,-0.029508924434950,-0.002160701178190,-0.015554958962707,
1403715274.682142972946167,-0.002073644569874,0.000903474275994,-0.001667870242458,-0.030820326034614,-0.004875126454779,-0.015899805799369,
1403715274.687143087387085,-0.002230148842893,0.000879355197672,-0.001751041957150,-0.031779950366706,-0.004772284062361,-0.017368118635103,
1403715274.692142963409424,-0.002389912336691,0.000862243311963,-0.001840058386220,-0.032127031760102,-0.002072639944534,-0.018239335898534,
1403715274.697143077850342,-0.002550307042742,0.000862726021948,-0.001930992094742,-0.032029382236356,0.002265719519034,-0.018133315006277,
1403715274.702142953872681,-0.002710977269936,0.000883299816735,-0.002021776787725,-0.032240302242376,0.005964002456092,-0.018181462631140,
1403715274.707143068313599,-0.002873320917343,0.000915937335582,-0.002110941649484,-0.032695670453904,0.007090706284247,-0.017483665762579,
1403715274.712142944335938,-0.001894778182035,0.000533706569764,-0.001722721892715,-0.026533073515065,0.003873557011247,-0.014812178182962,
1403715274.717143058776855,-0.002030656381469,0.000544685425771,-0.001799571672529,-0.027816962284977,0.000517884879575,-0.015927030178167,
1403715274.722142934799194,-0.002172399840600,0.000538353725720,-0.001880364423542,-0.028881827244273,-0.003050627700875,-0.016390871566556,
1403715274.727143049240112,-0.002319907361014,0.000516731809325,-0.001966837976542,-0.030119830480515,-0.005597940906926,-0.018197757962706,
1403715274.732142925262451,-0.002472955870013,0.000484975151646,-0.002062439064075,-0.031101091124348,-0.007105037141876,-0.020043625265836,
1403715274.737143039703369,-0.002630509407558,0.000449194211762,-0.002164453743288,-0.031918881480976,-0.007207011234806,-0.020761312468554,
1403715274.742142915725708,-0.002792305260999,0.000415524759019,-0.002268612765631,-0.032801064661176,-0.006261103811506,-0.020903329565432,
1403715274.747143030166626,-0.002957850964118,0.000387123262453,-0.002371705594895,-0.033415701004691,-0.005099234797390,-0.020332858318825,
1403715274.752142906188965,-0.003126375400112,0.000364040650831,-0.002473745268792,-0.033995744895478,-0.004134038795329,-0.020484023316376,
1403715274.757143020629883,-0.003297732450771,0.000344014522725,-0.002578378687181,-0.034545506583381,-0.003876229106574,-0.021368386113452,
1403715274.762142896652222,-0.002402420285554,0.000044507221991,-0.001770746570405,-0.028392730867033,-0.004529034493505,-0.016435556964843,
1403715274.767143011093140,-0.002545847088585,0.000020772825962,-0.001854598187251,-0.028976677264023,-0.004964506628047,-0.017104322106728,
1403715274.772142887115479,-0.002693290955390,-0.000007904338307,-0.001942080982564,-0.030002331873976,-0.006506643512988,-0.017889663712932,
1403715274.777143001556396,-0.002847090771755,-0.000045806519285,-0.002030032812894,-0.031516186624879,-0.008653881881062,-0.017290263214525,
1403715274.782143115997314,-0.003008875197471,-0.000094792100239,-0.002113628339818,-0.033196102514705,-0.010939902034757,-0.016147182232642,
1403715274.787142992019653,-0.003178881103193,-0.000154835530218,-0.002192887557493,-0.034807945970610,-0.013078065495144,-0.015557290966631,
1403715274.792143106460571,-0.003356793020532,-0.000223177491345,-0.002273553768307,-0.036355192170184,-0.014258093280487,-0.016708454854575,
1403715274.797142982482910,-0.003541130252306,-0.000292593003851,-0.002360538200403,-0.037381528880665,-0.013508800216728,-0.018086180735217,
1403715274.802143096923828,-0.003729637668893,-0.000355301999060,-0.002451488534603,-0.038019711956394,-0.011574223762190,-0.018293120288969,
1403715274.807142972946167,-0.003921847438521,-0.000409205941648,-0.002545650683484,-0.038866102319692,-0.009987887916995,-0.019372673206560,
1403715274.812143087387085,-0.002564048569943,-0.000222114896641,-0.001939495271211,-0.030207894290394,-0.007121280776397,-0.016409596094405,
1403715274.817142963409424,-0.002718047618497,-0.000259485278172,-0.002019717708267,-0.031393252564341,-0.007827242492662,-0.015680174411167,
1403715274.822143077850342,-0.002878616664117,-0.000303953017580,-0.002094493757923,-0.032832895663851,-0.009959446165364,-0.014229560871694,
1403715274.827142953872681,-0.003046773270697,-0.000361524428806,-0.002166101057826,-0.034431414822581,-0.013069689344696,-0.014414069323596,
1403715274.832143068313599,-0.003222212017630,-0.000432738950202,-0.002242502822362,-0.035742477797643,-0.015415467240452,-0.016145937027700,
1403715274.837142944335938,-0.003403618280554,-0.000510590265034,-0.002325798347512,-0.036821826642639,-0.015725830857203,-0.017173099195570,
1403715274.842143058776855,-0.003590279391829,-0.000587691830339,-0.002414018921838,-0.037840908972939,-0.015114089395101,-0.018114322869577,
1403715274.847142934799194,-0.003782513528835,-0.000664313856680,-0.002506933969098,-0.039054652495736,-0.015535481113625,-0.019052617608806,
1403715274.852143049240112,-0.003981099423581,-0.000743357330486,-0.002602966379770,-0.040377887336210,-0.016081184761030,-0.019359467476796,
1403715274.857142925262451,-0.004185101386650,-0.000822394976751,-0.002697462537532,-0.041224921276122,-0.015534657676658,-0.018439932884467,
1403715274.862143039703369,-0.002730400243440,-0.000468255443188,-0.002084710435101,-0.031268769352506,-0.010738952871567,-0.014152933948378,
1403715274.867142915725708,-0.002888416185988,-0.000521508992068,-0.002157109104561,-0.031939174940954,-0.010562994873486,-0.014807251918669,
1403715274.872143030166626,-0.003050561014522,-0.000575718423211,-0.002233965590342,-0.032917272026743,-0.011120281292777,-0.015934638767763,
1403715274.877142906188965,-0.003217541290436,-0.000632139761301,-0.002316628663101,-0.033876494525601,-0.011448813556180,-0.017131410226271,
1403715274.882143020629883,-0.003389455527118,-0.000692157468518,-0.002404137044917,-0.034887626261619,-0.012557719864423,-0.017871141355176,
1403715274.887142896652222,-0.003566774163620,-0.000761396679427,-0.002494762509848,-0.036041587066628,-0.015138651245791,-0.018379943482329,
1403715274.892143011093140,-0.003749950181359,-0.000843613960705,-0.002586431928753,-0.037227143040704,-0.017747508560845,-0.018286984840206,
1403715274.897142887115479,-0.003938669596816,-0.000933966355805,-0.002677804122084,-0.038262494947885,-0.018394345635672,-0.018262798763369,
1403715274.902143001556396,-0.004131752166385,-0.001024453936529,-0.002769182833391,-0.038968765196325,-0.017799858234445,-0.018287849181564,
1403715274.907143115997314,-0.004328618154693,-0.001111870098495,-0.002862014746992,-0.039775827806397,-0.017165806251417,-0.018844066376630,
1403715274.912142992019653,-0.002903712745742,-0.000587083172646,-0.002525844008608,-0.030575936907310,-0.011775697094773,-0.017726703867028,
1403715274.917143106460571,-0.003059395248392,-0.000645817398200,-0.002614786656611,-0.031695638869258,-0.011717455410910,-0.017849541058706,
1403715274.922142982482910,-0.003220807955603,-0.000706818513244,-0.002703870357428,-0.032871044980421,-0.012683595643990,-0.017784822841174,
1403715274.927143096923828,-0.003388320147977,-0.000777049598495,-0.002792468564233,-0.034132298384562,-0.015408195486274,-0.017653648758317,
1403715274.932142972946167,-0.003562731272592,-0.000861619692977,-0.002881846704086,-0.035633881351089,-0.018420681111535,-0.018098493676177,
1403715274.937143087387085,-0.003744664269696,-0.000957142087500,-0.002974374371826,-0.037137651882305,-0.019787402183837,-0.018911726323156,
1403715274.942142963409424,-0.003933509557550,-0.001056249366555,-0.003069565449815,-0.038402336313253,-0.019856492429841,-0.019165649021245,
1403715274.947143077850342,-0.004128632290921,-0.001156760974207,-0.003166472436035,-0.039644970674336,-0.020347230440611,-0.019596258277165,
1403715274.952142953872681,-0.004330279480254,-0.001261120516535,-0.003266054354834,-0.041015905087849,-0.021397621576432,-0.020237496941675,
1403715274.957143068313599,-0.004538749061762,-0.001369176660694,-0.003367172710103,-0.042370018963297,-0.021823846826289,-0.020208919420757,
1403715274.962142944335938,-0.002960700216975,-0.000827860864371,-0.002556234273252,-0.032284943403560,-0.016702321577315,-0.014546952204022,
1403715274.967143058776855,-0.003124568010351,-0.000912867405918,-0.002629938269790,-0.033260673726925,-0.017299516801129,-0.014933971646573,
1403715274.972142934799194,-0.003293310035314,-0.001001842589257,-0.002707419348388,-0.034237809918979,-0.018291439031104,-0.016059228285445,
1403715274.977143049240112,-0.003467761810608,-0.001094169221587,-0.002789232982557,-0.035541303081659,-0.018638368644795,-0.016665476372941,
1403715274.982142925262451,-0.003648817709009,-0.001187428565491,-0.002871709597217,-0.036882852074295,-0.018666293905617,-0.016325987532209,
1403715274.987143039703369,-0.003836373329800,-0.001282879589321,-0.002952427943162,-0.038137679158415,-0.019513241766370,-0.015960611864027,
1403715274.992142915725708,-0.004031530991753,-0.001385184261796,-0.003032917272679,-0.039927321285655,-0.021409641928067,-0.016235918273047,
1403715274.997143030166626,-0.004235945782002,-0.001497598600557,-0.003113492632188,-0.041836723383693,-0.023555064416152,-0.015993487858023,
1403715275.002142906188965,-0.004448087366101,-0.001618394182324,-0.003193593457574,-0.043022014373256,-0.024764366396391,-0.016047636772907,
1403715275.007143020629883,-0.004665643971666,-0.001742797022987,-0.003277166249178,-0.043998636108392,-0.024995630952987,-0.017380714754286,
1403715275.012142896652222,-0.003186616093844,-0.001019633836076,-0.002524468168296,-0.034541722762889,-0.018388432772635,-0.014278334139579,
1403715275.017143011093140,-0.003362412668660,-0.001110896255358,-0.002597859497750,-0.035775297734407,-0.018115699427126,-0.015077525739978,
1403715275.022142887115479,-0.003544159951885,-0.001201041079330,-0.002672702151528,-0.036925418208842,-0.017943124259419,-0.014860278094803,
1403715275.027143001556396,-0.003731956639159,-0.001292519584210,-0.002745989425901,-0.038191537409876,-0.018647440200986,-0.014453960704734,
1403715275.032143115997314,-0.003926428237108,-0.001390976395202,-0.002817347164733,-0.039595321370035,-0.020734382817380,-0.014088481543476,
1403715275.037142992019653,-0.004128289387765,-0.001501340896345,-0.002888651397163,-0.041151141044009,-0.023412512285723,-0.014433918656464,
1403715275.042143106460571,-0.004337633016185,-0.001623496443774,-0.002962965119130,-0.042584393769747,-0.025448588343822,-0.015290889783590,
1403715275.047142982482910,-0.004553476479312,-0.001754031121693,-0.003042526625850,-0.043755132315448,-0.026766577526704,-0.016534502031930,
1403715275.052143096923828,-0.004774666937254,-0.001889681514209,-0.003128628506615,-0.044719025848655,-0.027492337591552,-0.017905462006061,
1403715275.057142972946167,-0.005000554020989,-0.002027868698424,-0.003219395772359,-0.045638048097073,-0.027783906698360,-0.018402344562826,
1403715275.062143087387085,-0.003310171942791,-0.001212762011971,-0.002609904717507,-0.034454544951994,-0.020873573038467,-0.014535059438184,
1403715275.067142963409424,-0.003485160065230,-0.001318534559448,-0.002680933100075,-0.035542439635976,-0.021436495052854,-0.013876998081076,
1403715275.072143077850342,-0.003666042213352,-0.001429433143522,-0.002749575547290,-0.036808763625343,-0.022921923293245,-0.013579352378817,
1403715275.077142953872681,-0.003853467376041,-0.001549591752498,-0.002818633185627,-0.038163160418906,-0.025142712085491,-0.014044387901452,
1403715275.082143068313599,-0.004047336940417,-0.001680133474884,-0.002891008896987,-0.039382890443440,-0.027072781751121,-0.014905234038296,
1403715275.087142944335938,-0.004246678836339,-0.001817925498855,-0.002968116412224,-0.040355845089584,-0.028045394521595,-0.015938536844248,
1403715275.092143058776855,-0.004451167440638,-0.001959657349327,-0.003049876263081,-0.041437724523973,-0.028646048103257,-0.016764654981793,
1403715275.097142934799194,-0.004661659694897,-0.002105880802911,-0.003136302474575,-0.042761264938221,-0.029844783641588,-0.017806686830879,
1403715275.102143049240112,-0.004878832547858,-0.002258811717703,-0.003225871565611,-0.044105888014884,-0.031326182182689,-0.018020129572650,
1403715275.107142925262451,-0.005102820923232,-0.002417783928793,-0.003315044103286,-0.045491683754369,-0.032264279012682,-0.017649769951375,
1403715275.112143039703369,-0.003556004049949,-0.001419482085574,-0.002659103256732,-0.035914790444624,-0.025006829102676,-0.013388837013978,
1403715275.117142915725708,-0.003739233071101,-0.001548452215078,-0.002727342312673,-0.037378635365949,-0.026582501883876,-0.013907462188550,
1403715275.122143030166626,-0.003929715857798,-0.001684333039478,-0.002797901820384,-0.038812735430648,-0.027768583878544,-0.014315694919075,
1403715275.127142906188965,-0.004127145027615,-0.001824463146926,-0.002869646538072,-0.040160890689226,-0.028284848975217,-0.014382903752929,
1403715275.132143020629883,-0.004330990432024,-0.001966905056138,-0.002942840385555,-0.041375404856437,-0.028690610644845,-0.014893965146248,
1403715275.137142896652222,-0.004541224264204,-0.002113082790335,-0.003018806217413,-0.042720213211206,-0.029781932891924,-0.015493121060949,
1403715275.142143011093140,-0.004758396744795,-0.002266361148493,-0.003097269017910,-0.044146790797516,-0.031528007098274,-0.015891280805571,
1403715275.147142887115479,-0.004983208134554,-0.002428840817114,-0.003175734692229,-0.045779994888407,-0.033465471897856,-0.015495767180690,
1403715275.152143001556396,-0.005216428546788,-0.002600057973696,-0.003253034221218,-0.047506034857466,-0.035019823230954,-0.015423336732895,
1403715275.157143115997314,-0.005457821139127,-0.002778806117769,-0.003331896680538,-0.049048792113741,-0.036477797947647,-0.016120925004117,
1403715275.162142992019653,-0.005706693173874,-0.002964993740630,-0.003413903037449,-0.050502490211726,-0.037999097890834,-0.016682431136995,
1403715275.167143106460571,-0.005963143856890,-0.003157629467344,-0.003497303192780,-0.052075435172454,-0.039053429202494,-0.016676867461715,
1403715275.172142982482910,-0.006227092220999,-0.003353840350146,-0.003581016165501,-0.053506528432003,-0.039432870027635,-0.016809151930373,
1403715275.177143096923828,-0.006497659039877,-0.003552201045662,-0.003666882587666,-0.054717722062994,-0.039909592173951,-0.017536630822949,
1403715275.182142972946167,-0.006774079269118,-0.003754855727969,-0.003755667298763,-0.055853111295994,-0.041154290771177,-0.017978134223369,
1403715275.187143087387085,-0.007057001473494,-0.003965360126235,-0.003845880116732,-0.057313180283588,-0.043045541354068,-0.018106167060053,
1403715275.192142963409424,-0.007347096287640,-0.004185036058058,-0.003937423254306,-0.058727622668319,-0.044827010221788,-0.018511995936375,
1403715275.197143077850342,-0.007644539473888,-0.004413410367045,-0.004030675896496,-0.060246928719423,-0.046520622591598,-0.018788207205694,
1403715275.202142953872681,-0.007949494911875,-0.004650535912096,-0.004125350295148,-0.061738271163288,-0.048331947348582,-0.019082491279536,
1403715275.207143068313599,-0.008261647515728,-0.004896334844413,-0.004220936857108,-0.063119912600987,-0.049985375273425,-0.019151258403427,
1403715275.212142944335938,-0.004115902979521,-0.001846598783199,-0.002816330463892,-0.039058276832824,-0.030764043738961,-0.012192056011813,
1403715275.217143058776855,-0.004313543714315,-0.002002065350485,-0.002880007985915,-0.039996207671243,-0.031421159869231,-0.013278369825658,
1403715275.222142934799194,-0.004516160796195,-0.002160978963279,-0.002947698439762,-0.041052634729682,-0.032145861426281,-0.013798483098167,
1403715275.227143049240112,-0.004724555142308,-0.002324909762605,-0.003018802681635,-0.042303195852273,-0.033424957507144,-0.014642562686928,
1403715275.232142925262451,-0.004939826285739,-0.002495869797657,-0.003093693711950,-0.043807396677952,-0.034960752173783,-0.015314592242886,
1403715275.237143039703369,-0.005162654194016,-0.002673956090657,-0.003171479339306,-0.045321726629249,-0.036272134634933,-0.015798946567138,
1403715275.242142915725708,-0.005393206170482,-0.002858769934672,-0.003249934789176,-0.046901350677288,-0.037655236039572,-0.015584011538074,
1403715275.247143030166626,-0.005631451213730,-0.003051902226747,-0.003328729501039,-0.048394485473327,-0.039595912652037,-0.015933151836482,
1403715275.252142906188965,-0.005877159050825,-0.003254853318882,-0.003410095930072,-0.049891086407760,-0.041586537164055,-0.016614226806161,
1403715275.257143020629883,-0.006130597669367,-0.003466130829904,-0.003494328353405,-0.051482040762273,-0.042922532985415,-0.017077971373902,
1403715275.262142896652222,-0.003809710665354,-0.001740925854914,-0.003031430062709,-0.037933047250428,-0.031428872512624,-0.015004819885151,
1403715275.267143011093140,-0.004002707422321,-0.001901449338017,-0.003107528769362,-0.039263888638468,-0.032779051125786,-0.015433966087282,
1403715275.272142887115479,-0.004202909136958,-0.002069459192032,-0.003187401096613,-0.040818782908995,-0.034426556879198,-0.016515757023447,
1403715275.277143001556396,-0.004411035197405,-0.002244367336827,-0.003270878282268,-0.042429735862515,-0.035535099743650,-0.016874352999695,
1403715275.282143115997314,-0.004627087340063,-0.002424138684130,-0.003354581346078,-0.043989143229311,-0.036371793359185,-0.016606106217430,
1403715275.287142992019653,-0.004850792534197,-0.002610028400745,-0.003436810200154,-0.045495153235123,-0.037985937026186,-0.016286250996577,
1403715275.292143106460571,-0.005082152159434,-0.002805680460488,-0.003518963518683,-0.047046578747510,-0.040273095663940,-0.016574324295928,
1403715275.297142982482910,-0.005321227090535,-0.003011855823835,-0.003603515314699,-0.048585764947692,-0.042199094616648,-0.017247232733963,
1403715275.302143096923828,-0.005567942742056,-0.003225540968967,-0.003690710510868,-0.050098236963099,-0.043273007135231,-0.017630047456221,
1403715275.307142972946167,-0.005822146203248,-0.003445033679436,-0.003780140672679,-0.051585668820345,-0.044526254081642,-0.018142904277502,
1403715275.312143087387085,-0.003844318812064,-0.002133830103421,-0.003234548668840,-0.039487773832785,-0.035714201506020,-0.016005523662851,
1403715275.317142963409424,-0.004045809571102,-0.002315506690490,-0.003316645773509,-0.041110528259952,-0.036958235273440,-0.016834132481585,
1403715275.322143077850342,-0.004255514193213,-0.002501803668523,-0.003401413192474,-0.042769400725320,-0.037558850378730,-0.017072059053433,
1403715275.327142953872681,-0.004473411445204,-0.002692766689518,-0.003485950565323,-0.044391661276065,-0.038828252078318,-0.016743728566406,
1403715275.332143068313599,-0.004699050707561,-0.002893145920115,-0.003569530573595,-0.045861977924732,-0.041321605675738,-0.016687509562315,
1403715275.337142944335938,-0.004931729697958,-0.003105445940359,-0.003653907187569,-0.047211926051157,-0.043600508110813,-0.017063972913221,
1403715275.342143058776855,-0.005171295766038,-0.003326418343548,-0.003740434130193,-0.048612307938120,-0.044786430148408,-0.017546011976656,
1403715275.347142934799194,-0.005417683513629,-0.003553502676364,-0.003829721271151,-0.049945234885208,-0.046049555304380,-0.018169729997178,
1403715275.352143049240112,-0.005670894580953,-0.003788521627919,-0.003922600002275,-0.051336873880737,-0.047955873704288,-0.018980912141717,
1403715275.357142925262451,-0.005931366166980,-0.004033155377882,-0.004020734344273,-0.052854344006855,-0.049900052670569,-0.020273797998910,
1403715275.362143039703369,-0.003898607856612,-0.002386678363346,-0.003346395450587,-0.039934608626915,-0.037888948026271,-0.016764455202899,
1403715275.367142915725708,-0.004102216978699,-0.002578553157412,-0.003430298424332,-0.041511059696454,-0.038862872702342,-0.016797566483673,
1403715275.372143030166626,-0.004313976804464,-0.002777821214441,-0.003513357924118,-0.043190931935137,-0.040842525797410,-0.016425473015428,
1403715275.377142906188965,-0.004534255433984,-0.002988520464611,-0.003595570109811,-0.044922704697367,-0.043439264082295,-0.016460216680058,
1403715275.382143020629883,-0.004762956266753,-0.003210607664454,-0.003678857602610,-0.046555534639222,-0.045393582632385,-0.016854017937019,
1403715275.387142896652222,-0.004999531037033,-0.003440830572312,-0.003763923432074,-0.048076719929838,-0.046697863967433,-0.017173157570808,
1403715275.392143011093140,-0.005243596552451,-0.003677706158271,-0.003851634812299,-0.049547251802182,-0.048050201804759,-0.017910591515845,
1403715275.397142887115479,-0.005494943927397,-0.003922255868760,-0.003942886381899,-0.050994191154937,-0.049772107947330,-0.018590941399156,
1403715275.402143001556396,-0.005753313824702,-0.004174817096142,-0.004037549885911,-0.052351402374027,-0.051250070791117,-0.019273593554995,
1403715275.407143115997314,-0.006019011975022,-0.004433624883957,-0.004134982296768,-0.053925425270536,-0.052270674933128,-0.019698478788099,
1403715275.412142992019653,-0.003808147449898,-0.002234211997283,-0.003173687746397,-0.039973766692699,-0.036838737600420,-0.013466931456530,
1403715275.417143106460571,-0.004012540064989,-0.002424896954670,-0.003240456310115,-0.041781408116190,-0.039433499621602,-0.013239882760244,
1403715275.422142982482910,-0.004225457213869,-0.002628394282008,-0.003306606050441,-0.043387563245644,-0.041967449693475,-0.013220669473687,
1403715275.427143096923828,-0.004446220908352,-0.002842182022963,-0.003373772029252,-0.044915893441818,-0.043545689448153,-0.013645107141914,
1403715275.432142972946167,-0.004674571324341,-0.003062642281311,-0.003443729890910,-0.046426537837917,-0.044640600516799,-0.014338731395339,
1403715275.437143087387085,-0.004909891432728,-0.003289297200974,-0.003517921539523,-0.047699351146485,-0.046019292308418,-0.015337248820525,
1403715275.442142963409424,-0.005151569279272,-0.003522872763236,-0.003597217220349,-0.048974184542944,-0.047413249305756,-0.016381810001131,
1403715275.447143077850342,-0.005400451048123,-0.003762791943052,-0.003680907439526,-0.050576244468980,-0.048552226145236,-0.017093511480175,
1403715275.452142953872681,-0.005657622198466,-0.004009012356584,-0.003767256766014,-0.052294766409463,-0.049938381394885,-0.017447075567320,
1403715275.457143068313599,-0.005923439053636,-0.004263937115278,-0.003852998258805,-0.054029542088449,-0.052029188229881,-0.016848736580236,
1403715275.462142944335938,-0.003790061864703,-0.002372081595126,-0.003046922488168,-0.040184541777285,-0.039584107560505,-0.011694209699912,
1403715275.467143058776855,-0.003995108335473,-0.002575861418867,-0.003106784313231,-0.041832169317353,-0.041925956318448,-0.012249972286536,
1403715275.472142934799194,-0.004208441658563,-0.002789630027063,-0.003169700506796,-0.043503275856407,-0.043583607215380,-0.012917129170975,
1403715275.477143049240112,-0.004429794220751,-0.003010874304129,-0.003236378339862,-0.045035722521979,-0.044912078105427,-0.013753393615506,
1403715275.482142925262451,-0.004658107842382,-0.003238243550003,-0.003306436082568,-0.046291990649634,-0.046037875396448,-0.014270398332033,
1403715275.487143039703369,-0.004892913231176,-0.003470855849114,-0.003379755645533,-0.047628015209301,-0.047004914667661,-0.015056755608404,
1403715275.492142915725708,-0.005134969477241,-0.003708581652810,-0.003456472753013,-0.049196884041689,-0.048087764684229,-0.015630848299049,
1403715275.497143030166626,-0.005385072244947,-0.003953937341873,-0.003534035637822,-0.050841933333872,-0.050052264693889,-0.015393595531357,
1403715275.502142906188965,-0.005643395823566,-0.004210896143725,-0.003610234152829,-0.052490060285699,-0.052733804682372,-0.015086566243513,
1403715275.507143020629883,-0.005910539970627,-0.004481885748862,-0.003685437148134,-0.054365152816836,-0.055659556445176,-0.014993943390138,
1403715275.512142896652222,-0.004028772984197,-0.002761690194772,-0.003359292422204,-0.042474063219942,-0.044233009101779,-0.013750788269681,
1403715275.517143011093140,-0.004245654923259,-0.002987378659310,-0.003430399172685,-0.044276726837075,-0.046040310520895,-0.014691260935661,
1403715275.522142887115479,-0.004471275934736,-0.003221206924184,-0.003506701569751,-0.045973915566309,-0.047493314644655,-0.015830454693173,
1403715275.527143001556396,-0.004704957081104,-0.003461566775380,-0.003588451769842,-0.047496403614998,-0.048648425324113,-0.016868876914822,
1403715275.532143115997314,-0.004946437536506,-0.003707287869107,-0.003675031769684,-0.049093567776954,-0.049637762574480,-0.017762330376541,
1403715275.537142992019653,-0.005196338317116,-0.003958698805956,-0.003765568238234,-0.050869223097649,-0.050929105773868,-0.018453155025781,
1403715275.542143106460571,-0.005455306415615,-0.004218947363298,-0.003857334494737,-0.052715645432339,-0.053167934570861,-0.018252507449324,
1403715275.547142982482910,-0.005723398506181,-0.004492154621718,-0.003948507202739,-0.054523849854509,-0.056117678592302,-0.018217480044201,
1403715275.552143096923828,-0.006000677387314,-0.004780399214956,-0.004040083142549,-0.056385164092806,-0.059177519805134,-0.018412057496232,
1403715275.557142972946167,-0.006286984881471,-0.005082827611250,-0.004133437772622,-0.058140673299295,-0.061796838336154,-0.018930720466911,
1403715275.562143087387085,-0.004386555486249,-0.003236499963365,-0.003772972229405,-0.045865835798261,-0.048502797297432,-0.017498790680712,
1403715275.567142963409424,-0.004620139643247,-0.003481941482518,-0.003862849683343,-0.047570143795798,-0.049676244765246,-0.018453082340507,
1403715275.572143077850342,-0.004861902978094,-0.003733121500638,-0.003957415061882,-0.049132976784054,-0.050793462913501,-0.019372203322962,
1403715275.577142953872681,-0.005111695056279,-0.003990094911617,-0.004055681492188,-0.050786332042488,-0.051998450258480,-0.019935343451016,
1403715275.582143068313599,-0.005370393362512,-0.004253995982139,-0.004156585001183,-0.052690622051187,-0.053559561919303,-0.020425136368591,
1403715275.587142944335938,-0.005638754829855,-0.004527536246738,-0.004258124254141,-0.054656626618261,-0.055859257018135,-0.020191571927778,
1403715275.592143058776855,-0.005916525786726,-0.004813999984907,-0.004358203527571,-0.056449213119096,-0.058723615655559,-0.019839221212147,
1403715275.597142934799194,-0.006203344162859,-0.005114814186553,-0.004457745639504,-0.058280982130342,-0.061605048615901,-0.019978610865276,
1403715275.602143049240112,-0.006499174207685,-0.005428713268781,-0.004558088489087,-0.060048327457114,-0.063951710509322,-0.020157610322595,
1403715275.607142925262451,-0.006803584169410,-0.005752589049648,-0.004660684066729,-0.061718676510477,-0.065601814185982,-0.020881638324376,
1403715275.612143039703369,-0.004684820544167,-0.003378357916127,-0.003917749756931,-0.047683716207507,-0.048386072720454,-0.017147709830326,
1403715275.617142915725708,-0.004926788178154,-0.003622832466964,-0.004005363096675,-0.049105737333504,-0.049406172425147,-0.017898495056480,
1403715275.622143030166626,-0.005176235718530,-0.003872145640139,-0.004096531643909,-0.050670995108716,-0.050316814366854,-0.018568089183233,
1403715275.627142906188965,-0.005433788605223,-0.004127219679992,-0.004189367066225,-0.052352714095968,-0.051715331515572,-0.018567000527495,
1403715275.632143020629883,-0.005700028121007,-0.004392215397218,-0.004281728923636,-0.054140654777955,-0.054280529322319,-0.018376896858396,
1403715275.637142896652222,-0.005975230984949,-0.004671453783731,-0.004374360140908,-0.055943220387089,-0.057417594897034,-0.018676508809089,
1403715275.642143011093140,-0.006259518839437,-0.004965703765684,-0.004468821117435,-0.057769318734684,-0.060279704006899,-0.019107017005514,
1403715275.647142887115479,-0.006553144553294,-0.005272790509410,-0.004565539943703,-0.059683879122682,-0.062558039310671,-0.019581472803473,
1403715275.652143001556396,-0.006855550008498,-0.005589716637925,-0.004666219466928,-0.061275534417483,-0.064209510616428,-0.020689414759091,
1403715275.657143115997314,-0.007165193058461,-0.005914491601953,-0.004773129195181,-0.062578850765970,-0.065697501659051,-0.022073497776669,
1403715275.662142992019653,-0.004580666094205,-0.003268365948328,-0.004253337302345,-0.045390478421212,-0.046472919930790,-0.019700933330063,
1403715275.667143106460571,-0.004811248051842,-0.003503297579106,-0.004352616648322,-0.046840193641312,-0.047497581566262,-0.020009896151870,
1403715275.672142982482910,-0.005049808955423,-0.003745896397025,-0.004452382144175,-0.048586533947363,-0.049544351807820,-0.019897291709394,
1403715275.677143096923828,-0.005297402632817,-0.004001109987411,-0.004551954296539,-0.050448670274457,-0.052538747849596,-0.019930657646672,
1403715275.682142972946167,-0.005554122721994,-0.004271744324671,-0.004651732921211,-0.052241911663821,-0.055717671330106,-0.019981781872444,
1403715275.687143087387085,-0.005819721567621,-0.004557384008529,-0.004751269912148,-0.053995195012632,-0.058535587163387,-0.019832103234553,
1403715275.692142963409424,-0.006093964612582,-0.004855339570123,-0.004851633585256,-0.055704743040224,-0.060649592734469,-0.020314361461784,
1403715275.697143077850342,-0.006376554442611,-0.005162569248301,-0.004956388063155,-0.057328601843192,-0.062239465829400,-0.021586470663697,
1403715275.702142953872681,-0.006666755663168,-0.005476965778757,-0.005066658261562,-0.058754764728736,-0.063522264681733,-0.022522702409897,
1403715275.707143068313599,-0.006964439871701,-0.005797344252514,-0.005180644392936,-0.060316193366590,-0.064626191735729,-0.023070706589300,
1403715275.712142944335938,-0.004769868071300,-0.003463111505204,-0.004315348324908,-0.046152674721111,-0.047924724033331,-0.017755954681612,
1403715275.717143058776855,-0.005005808562482,-0.003708734100830,-0.004404759460060,-0.048221361701298,-0.050322065526756,-0.018007680814758,
1403715275.722142934799194,-0.005252031019622,-0.003968002931516,-0.004495824357047,-0.050270063302162,-0.053388038294709,-0.018419181203237,
1403715275.727143049240112,-0.005508308744892,-0.004242950706522,-0.004587195894388,-0.052238680566913,-0.056588554543422,-0.018128597221100,
1403715275.732142925262451,-0.005773883365205,-0.004533600118421,-0.004677135764138,-0.053993801648984,-0.059674093010190,-0.017848242743570,
1403715275.737143039703369,-0.006048068514199,-0.004837739680351,-0.004768253143703,-0.055677747766124,-0.061978947344650,-0.018597874896920,
1403715275.742142915725708,-0.006330756641664,-0.005151365381842,-0.004864541860240,-0.057400307050480,-0.063474443935669,-0.019918566753515,
1403715275.747143030166626,-0.006621710008529,-0.005471178851883,-0.004965856498769,-0.058978375998951,-0.064448016167798,-0.020606361116245,
1403715275.752142906188965,-0.006921052599676,-0.005796365549438,-0.005069574258927,-0.060761629476869,-0.065629888204902,-0.020881771667386,
1403715275.757143020629883,-0.007230088782153,-0.006129674601353,-0.005174860377271,-0.062850014268160,-0.067690681095692,-0.021231711768971,
1403715275.762142896652222,-0.004944930271059,-0.003662675516856,-0.004348482328481,-0.048137778016995,-0.051278617555317,-0.016346078022433,
1403715275.767143011093140,-0.005190268283617,-0.003927021621984,-0.004430853740114,-0.049995180921371,-0.054457404390656,-0.016601732515184,
1403715275.772142887115479,-0.005444651863529,-0.004207364374464,-0.004513123805482,-0.051760774136223,-0.057682477169067,-0.016307109624464,
1403715275.777143001556396,-0.005707631398634,-0.004502855660864,-0.004595654278117,-0.053428632311430,-0.060511332149501,-0.016704323857894,
1403715275.782143115997314,-0.005979525386891,-0.004810592036864,-0.004681698856372,-0.055326473784609,-0.062580400904295,-0.017712719700231,
1403715275.787142992019653,-0.006260272663039,-0.005127319003974,-0.004772387058085,-0.056975221254762,-0.064113527383194,-0.018563460472084,
1403715275.792143106460571,-0.006548582528238,-0.005451138713328,-0.004866247495723,-0.058346085329782,-0.065411391768088,-0.018979855285017,
1403715275.797142982482910,-0.006844764965538,-0.005781251834424,-0.004961297990028,-0.060129827263360,-0.066637130883974,-0.019041285191307,
1403715275.802143096923828,-0.007150533199848,-0.006119074153481,-0.005057341419019,-0.062174667133147,-0.068488703953767,-0.019375207121495,
1403715275.807142972946167,-0.007466306081374,-0.006468552184098,-0.005154962336135,-0.064137617457438,-0.071305974576540,-0.019674127973946,
1403715275.812143087387085,-0.005139101610055,-0.003707552901711,-0.004367760647480,-0.048954394321259,-0.053695718971717,-0.014810007089877,
1403715275.817142963409424,-0.005388455798775,-0.003985076538899,-0.004441193275667,-0.050789754375798,-0.057316488510003,-0.014563772523407,
1403715275.822143077850342,-0.005646572048466,-0.004278010869914,-0.004514810968244,-0.052454382429994,-0.059854562063680,-0.014882630532797,
1403715275.827142953872681,-0.005913330074662,-0.004581625154496,-0.004591630329052,-0.054251473876799,-0.061594163154872,-0.015845875719942,
1403715275.832143068313599,-0.006188836098039,-0.004893329219504,-0.004673492979158,-0.055948413198927,-0.063084609177569,-0.016898434864723,
1403715275.837142944335938,-0.006472854830113,-0.005211929115867,-0.004758710651281,-0.057661896658751,-0.064358509387853,-0.017189479212248,
1403715275.842143058776855,-0.006766173257423,-0.005536842158531,-0.004843643556868,-0.059662788916051,-0.065603733078047,-0.016782905456552,
1403715275.847142934799194,-0.007069621945762,-0.005869273236730,-0.004926743773441,-0.061719696163052,-0.067371995405530,-0.016458005398879,
1403715275.852143049240112,-0.007383578987343,-0.006213958789910,-0.005009693408503,-0.063860246172431,-0.070499070248018,-0.016721089216487,
1403715275.857142925262451,-0.007708121025704,-0.006576236607812,-0.005093426658677,-0.065959788128859,-0.074415650150223,-0.016773041357898,
1403715275.862143039703369,-0.005283246503861,-0.003926889400665,-0.004373210613168,-0.050093657734248,-0.057264063814446,-0.012469682911659,
1403715275.867142915725708,-0.005537846674906,-0.004218409030964,-0.004438389767261,-0.051748935924882,-0.059346679730877,-0.013602625202145,
1403715275.872143030166626,-0.005800611902063,-0.004517906676699,-0.004508962786501,-0.053354749305453,-0.060449636642757,-0.014625936393229,
1403715275.877142906188965,-0.006071159669484,-0.004822898628852,-0.004583702076860,-0.054867041079741,-0.061550169268879,-0.015270521049177,
1403715275.882143020629883,-0.006349589908804,-0.005133612731226,-0.004658948497090,-0.056502505601891,-0.062732627073034,-0.014827358157067,
1403715275.887142896652222,-0.006636801520072,-0.005452492640271,-0.004731903883828,-0.058384987601889,-0.064822499342150,-0.014355520143103,
1403715275.892143011093140,-0.006933888110932,-0.005784817403550,-0.004804950976056,-0.060446928895244,-0.068104363514945,-0.014862647997098,
1403715275.897142887115479,-0.007241402163644,-0.006134800610170,-0.004879539647774,-0.062561742254971,-0.071892390427052,-0.014973560494713,
1403715275.902143001556396,-0.007559341431655,-0.006503033902308,-0.004955581681077,-0.064611054195157,-0.075397555229067,-0.015442556656824,
1403715275.907143115997314,-0.007887185749962,-0.006885393381987,-0.005034522378551,-0.066523671692049,-0.077542736117061,-0.016132999625747,
1403715275.912142992019653,-0.005442086569250,-0.004090382572924,-0.004390745082285,-0.050354720275302,-0.056708914071572,-0.012492971794274,
1403715275.917143106460571,-0.005698535996132,-0.004376301882507,-0.004451743909017,-0.052222702666768,-0.057656192151806,-0.011906000450519,
1403715275.922142982482910,-0.005964732344928,-0.004670529635985,-0.004505858871747,-0.054258477109226,-0.060037827525564,-0.009740521378368,
1403715275.927143096923828,-0.006242482141585,-0.004979671517742,-0.004550224464986,-0.056838898736339,-0.063616094963259,-0.008005309747467,
1403715275.932142972946167,-0.006533353592690,-0.005306185878545,-0.004592744463044,-0.059512566702052,-0.066992887877250,-0.009003111208522,
1403715275.937143087387085,-0.006835944320682,-0.005648311726113,-0.004644134727831,-0.061520954257534,-0.069854318966100,-0.011552524225199,
1403715275.942142963409424,-0.007148394826982,-0.006002509218282,-0.004707371902819,-0.063462347289760,-0.071828190994808,-0.013742972985452,
1403715275.947143077850342,-0.007470943485300,-0.006366375982368,-0.004779018660148,-0.065554163083803,-0.073715183415881,-0.014915074015136,
1403715275.952142953872681,-0.007803623819593,-0.006741267588561,-0.004854302512356,-0.067521270309593,-0.076245177408520,-0.015199213568213,
1403715275.957143068313599,-0.005647165371953,-0.003955439104281,-0.004214726564827,-0.052884274705174,-0.056686529780179,-0.012051014373667,
1403715275.962142944335938,-0.005914161989238,-0.004244036322864,-0.004278856825883,-0.053917020403410,-0.058755220092355,-0.013601726122259,
1403715275.967143058776855,-0.006185906365809,-0.004542283923797,-0.004349768251075,-0.054778242388086,-0.060541089805087,-0.014762194755849,
1403715275.972142934799194,-0.006462902476462,-0.004850176447155,-0.004423830811859,-0.056022949247442,-0.062618973357596,-0.014863564144279,
1403715275.977143049240112,-0.006746703227675,-0.005171934645094,-0.004496039024128,-0.057494753024000,-0.066081360100901,-0.014019059692433,
1403715275.982142925262451,-0.007038514097658,-0.005510707781960,-0.004562725205242,-0.059232489283375,-0.069431254753071,-0.012656074177165,
1403715275.987143039703369,-0.007338933682119,-0.005863848769756,-0.004628532009983,-0.060932594140351,-0.071821907336885,-0.013666045253920,
1403715275.992142915725708,-0.007646532134206,-0.006226981736804,-0.004700556327137,-0.062109837596973,-0.073434881201805,-0.015144395977683,
1403715275.997143030166626,-0.007960948169718,-0.006598682360111,-0.004777221724992,-0.063653698109007,-0.075241965178062,-0.015521061287702,
1403715276.002142906188965,-0.008284841398903,-0.006984185512893,-0.004855302377223,-0.065906806086459,-0.078963119531866,-0.015711974044522,
1403715276.007143020629883,-0.008619846809991,-0.007391043051289,-0.004933411906612,-0.068092291352895,-0.083776171019776,-0.015531122613347,
1403715276.012142896652222,-0.005740870619057,-0.003970633169350,-0.004109487695119,-0.049441412751951,-0.060619843200782,-0.012432146977448,
1403715276.017143011093140,-0.005992684704523,-0.004275369012899,-0.004174545642187,-0.051281916060412,-0.061271704342702,-0.013590436240069,
1403715276.022142887115479,-0.006252251403369,-0.004581550772037,-0.004239678055540,-0.052547337979918,-0.061204036163966,-0.012463175114540,
1403715276.027143001556396,-0.006518816162057,-0.004888244304540,-0.004300849189456,-0.054076125077639,-0.061470569037970,-0.012004718425932,
1403715276.032143115997314,-0.006793631726817,-0.005200391624441,-0.004364394127516,-0.055847584872569,-0.063385501194056,-0.013412675040414,
1403715276.037142992019653,-0.007077909639863,-0.005527140506376,-0.004437524750954,-0.057866399944302,-0.067317292425358,-0.015840299677702,
1403715276.042143106460571,-0.007373009009445,-0.005878211963186,-0.004522007650393,-0.060170646235009,-0.073108076216943,-0.017952086651640,
1403715276.047142982482910,-0.007679607341078,-0.006257517000413,-0.004612689812967,-0.062471727400959,-0.078617700795288,-0.018321677805104,
1403715276.052143096923828,-0.007996249274025,-0.006658651293655,-0.004707696100350,-0.064182146900834,-0.081832344091420,-0.019679967359669,
1403715276.057142972946167,-0.008319243398770,-0.007071291565617,-0.004814325664097,-0.065018706601322,-0.083227857448785,-0.022972915740019,
1403715276.062143087387085,-0.005812121132103,-0.004150172658242,-0.004475456017479,-0.047766333072720,-0.061774117740162,-0.022967606335388,
1403715276.067142963409424,-0.006054872774691,-0.004463760557882,-0.004591294262272,-0.049336731684808,-0.063664152424332,-0.023368840518907,
1403715276.072143077850342,-0.006306157412708,-0.004788052543917,-0.004705433474797,-0.051174822995080,-0.066049673076037,-0.022285799539189,
1403715276.077142953872681,-0.006566791140690,-0.005124481186546,-0.004817540609650,-0.053081253282624,-0.068525120829314,-0.022558166332123,
1403715276.082143068313599,-0.006837193724069,-0.005475141607614,-0.004930688089369,-0.055077304516158,-0.071735837279213,-0.022699789682819,
1403715276.087142944335938,-0.007118040422874,-0.005842845417970,-0.005042200224963,-0.057264160572272,-0.075349333918372,-0.021906170583523,
1403715276.092143058776855,-0.007410222732351,-0.006225860747627,-0.005152238418508,-0.059606088270509,-0.077853291414462,-0.022108099427749,
1403715276.097142934799194,-0.007713392753191,-0.006619219920339,-0.005266825765800,-0.061664927044877,-0.079494279187190,-0.023727976018890,
1403715276.102143049240112,-0.008027936903979,-0.007022617767884,-0.005387742468529,-0.064149853598558,-0.081861166697672,-0.024637598072594,
1403715276.107142925262451,-0.008356321807438,-0.007441773205669,-0.005512376229727,-0.067207364857150,-0.085805165792157,-0.025217142581419,
1403715276.112143039703369,-0.005937701191015,-0.004289139848595,-0.004776548947110,-0.052363436564324,-0.065686738279473,-0.020686033082632,
1403715276.117142915725708,-0.006203908286763,-0.004621060082940,-0.004882649710957,-0.054122042099218,-0.067084647595652,-0.021755324812049,
1403715276.122143030166626,-0.006479230065589,-0.004956880322787,-0.004995069288138,-0.056004148842383,-0.067240373887417,-0.023211476852258,
1403715276.127142906188965,-0.006765388948616,-0.005298437537409,-0.005111061694954,-0.058462242623742,-0.069385899682724,-0.023186636339788,
1403715276.132143020629883,-0.007063997055946,-0.005655893766642,-0.005226185175068,-0.060978266531739,-0.073593319475609,-0.022861701742918,
1403715276.137142896652222,-0.007374764734558,-0.006032393085247,-0.005340666539365,-0.063331887249491,-0.077010142259550,-0.022931979454866,
1403715276.142143011093140,-0.007694990828969,-0.006422314158330,-0.005459692200418,-0.064755618824723,-0.078954717221259,-0.024677195278545,
1403715276.147142887115479,-0.008022703184847,-0.006822605854435,-0.005583208215659,-0.066332573928126,-0.081165931497655,-0.024730435906660,
1403715276.152143001556396,-0.008359726226045,-0.007237248508241,-0.005707336611645,-0.068473557083467,-0.084687333944727,-0.024919786084162,
1403715276.157143115997314,-0.008708421676720,-0.007670344396229,-0.005830927654836,-0.071001430857215,-0.088547056229937,-0.024515499708323,
1403715276.162142992019653,-0.006016529702033,-0.004593268612937,-0.005098947618610,-0.053073303810776,-0.067947959801346,-0.019928088890310,
1403715276.167143106460571,-0.006285311718712,-0.004939478000342,-0.005202250647554,-0.054437042144072,-0.070532625591438,-0.021392176941282,
1403715276.172142982482910,-0.006561817653551,-0.005297974274505,-0.005310685085544,-0.056168074304168,-0.072869439804310,-0.021982673757311,
1403715276.177143096923828,-0.006847925473114,-0.005667909787580,-0.005419912702669,-0.058272434185677,-0.075101378642470,-0.021707373107132,
1403715276.182142972946167,-0.007145140828845,-0.006048632394725,-0.005525000245105,-0.060616656025285,-0.077191440397208,-0.020328686173559,
1403715276.187143087387085,-0.007452618229385,-0.006441333470587,-0.005628723483752,-0.062371489215456,-0.079885394743886,-0.021159659692251,
1403715276.192142963409424,-0.007768558542819,-0.006848929065381,-0.005738244987387,-0.064007769798999,-0.083156885893898,-0.022650028046329,
1403715276.197143077850342,-0.008093503566473,-0.007272928167666,-0.005853566349094,-0.065967264769951,-0.086438873281373,-0.023477460861924,
1403715276.202142953872681,-0.008428614873787,-0.007713524907818,-0.005968746953025,-0.068080581943584,-0.089804192819886,-0.022595923124661,
1403715276.207143068313599,-0.008773626901083,-0.008169555062331,-0.006080758141451,-0.069921070367541,-0.092603694000393,-0.022207526776405,
1403715276.212142944335938,-0.006083203734644,-0.004866099039989,-0.005213876590725,-0.052131160514429,-0.069582217158839,-0.017834290185360,
1403715276.217143058776855,-0.006348436113561,-0.005220531779020,-0.005306767083720,-0.053959362832785,-0.072187633599404,-0.019321056594405,
1403715276.222142934799194,-0.006622190109433,-0.005588064601889,-0.005406884836976,-0.055544950733670,-0.074829140907381,-0.020727037721562,
1403715276.227143049240112,-0.006903848809608,-0.005968655397729,-0.005507926243332,-0.057115950733261,-0.077403693095389,-0.019688599780558,
1403715276.232142925262451,-0.007193641353433,-0.006362322742753,-0.005605976918190,-0.058803941091842,-0.080067149487453,-0.019532642674185,
1403715276.237143039703369,-0.007492266879637,-0.006769907088581,-0.005707097358373,-0.060643535454071,-0.082962857383104,-0.020914607634827,
1403715276.242142915725708,-0.007800336552397,-0.007191385637964,-0.005814822627192,-0.062587389226127,-0.085632742787875,-0.022176568361396,
1403715276.247143030166626,-0.008118252098828,-0.007626890499493,-0.005928770805060,-0.064575918809242,-0.088565214748794,-0.023401659583087,
1403715276.252142906188965,-0.008446102759798,-0.008079710029691,-0.006043271460304,-0.066567597352322,-0.092567088602165,-0.022399738184643,
1403715276.257143020629883,-0.008784688542115,-0.008553296850092,-0.006155009602806,-0.068863615799678,-0.096863303840708,-0.022294495846111,
1403715276.262142896652222,-0.006098825668793,-0.005054077666784,-0.005300674128093,-0.051488265552138,-0.073567300994977,-0.019383312714362,
1403715276.267143011093140,-0.006360634396298,-0.005427391974215,-0.005400374282919,-0.053232828574235,-0.075755004261341,-0.020495836454727,
1403715276.272142887115479,-0.006630848438646,-0.005809970347793,-0.005503210931847,-0.054855468471900,-0.077280139757506,-0.020639843097735,
1403715276.277143001556396,-0.006909760504817,-0.006201959052803,-0.005603704243792,-0.056706804538542,-0.079511753565088,-0.019556561657230,
1403715276.282143115997314,-0.007197624641935,-0.006607488973032,-0.005699307073067,-0.058436214894125,-0.082696501873966,-0.018683694803005,
1403715276.287142992019653,-0.007493991151942,-0.007028774087669,-0.005798227317911,-0.060113328607963,-0.085821722479939,-0.020885384270971,
1403715276.292143106460571,-0.007798998089936,-0.007463970511185,-0.005906737884644,-0.061886654231519,-0.088252862675478,-0.022517849000863,
1403715276.297142982482910,-0.008113134801874,-0.007910703639553,-0.006020089925032,-0.063771146295582,-0.090444819575813,-0.022824091431832,
1403715276.302143096923828,-0.008437576246581,-0.008369729843624,-0.006131001904634,-0.066002461304977,-0.093161459638519,-0.021539685002768,
1403715276.307142972946167,-0.008773572591323,-0.008844393675784,-0.006237255745668,-0.068399409157858,-0.096708781159055,-0.020962905285406,
1403715276.312143087387085,-0.009121011768772,-0.009337886438906,-0.006345574365216,-0.070573080993983,-0.100683806131691,-0.022363550869970,
1403715276.317142963409424,-0.009478419235133,-0.009849083596008,-0.006459131868841,-0.072393450481497,-0.103800126997177,-0.023060576895351,
1403715276.322143077850342,-0.009845281455125,-0.010373480578805,-0.006578203501880,-0.074348078868452,-0.105953865233841,-0.024566986211714,
1403715276.327142953872681,-0.010222076514172,-0.010908851893421,-0.006700827404615,-0.076373681976489,-0.108199970671054,-0.024483791122431,
1403715276.332143068313599,-0.010609105371019,-0.011456155844583,-0.006816296297413,-0.078434317488263,-0.110716599190927,-0.021702708871701,
1403715276.337142944335938,-0.011006300048060,-0.012016954891508,-0.006924315643522,-0.080447492887536,-0.113608581841467,-0.021506100957216,
1403715276.342143058776855,-0.011412622857775,-0.012593498550438,-0.007035047674309,-0.082077911086917,-0.117003603436176,-0.022785697598802,
1403715276.347142934799194,-0.011828574809822,-0.013187108018060,-0.007151749240729,-0.084306995334225,-0.120446071303850,-0.023896086469011,
1403715276.352143049240112,-0.012256432403024,-0.013797256506380,-0.007271933858235,-0.086832124882807,-0.123607738075679,-0.024176660235413,
1403715276.357142925262451,-0.012696289445673,-0.014424426800315,-0.007388935968802,-0.089115054880966,-0.127266600061211,-0.022625344472089,
1403715276.362143039703369,-0.006792816073698,-0.005894484369280,-0.005528570104652,-0.054983654073134,-0.076833986828462,-0.012528503460004,
1403715276.367142915725708,-0.007072120816796,-0.006285794365349,-0.005594504580505,-0.056741013438399,-0.079693892791476,-0.013845940849679,
1403715276.372143030166626,-0.007359129361274,-0.006689775502753,-0.005667135414613,-0.058059776771319,-0.081894863696960,-0.015205727853522,
1403715276.377142906188965,-0.007654891512485,-0.007104881589653,-0.005747527226823,-0.060248017217843,-0.084151688275709,-0.016951794393194,
1403715276.382143020629883,-0.007961729672665,-0.007531860549943,-0.005831310645575,-0.062484437731368,-0.086635986820308,-0.016560806064996,
1403715276.387142896652222,-0.008279155678430,-0.007972319247661,-0.005911149678735,-0.064489112951431,-0.089551860938535,-0.015375599079269,
1403715276.392143011093140,-0.008606062678175,-0.008428034840428,-0.005989045264213,-0.066270694092053,-0.092730204063042,-0.015781921972922,
1403715276.397142887115479,-0.008940818594700,-0.008899341981117,-0.006071135477986,-0.067634992780702,-0.095797326852901,-0.017054977744856,
1403715276.402143001556396,-0.009283133879272,-0.009384841487496,-0.006161036600057,-0.069287987129861,-0.098398030919633,-0.018904648032729,
1403715276.407143115997314,-0.009634895796356,-0.009883602506752,-0.006258906862010,-0.071413559300569,-0.101101810593668,-0.020242560740207,
1403715276.412142992019653,-0.006446187302140,-0.005184578006729,-0.005335773845787,-0.052795154853697,-0.072846128766760,-0.014345796537585,
1403715276.417143106460571,-0.006716420978758,-0.005557602981527,-0.005405339383458,-0.055295841787035,-0.076360446085006,-0.013479781653913,
1403715276.422142982482910,-0.006998275454120,-0.005948393230285,-0.005473754130880,-0.057448743919481,-0.079959529455174,-0.013886795883844,
1403715276.427143096923828,-0.007289564323468,-0.006357109344875,-0.005545246330768,-0.059064137051768,-0.083523174558573,-0.014709429555922,
1403715276.432142972946167,-0.007588386465199,-0.006779999797561,-0.005623296112843,-0.060467683495503,-0.085637200937443,-0.016511257407358,
1403715276.437143087387085,-0.007894834145411,-0.007211188048576,-0.005707759856902,-0.062108583041466,-0.086834151912522,-0.017273466945330,
1403715276.442142963409424,-0.008211113797424,-0.007651300365562,-0.005792035220946,-0.064406414770234,-0.089215140117971,-0.016437514554091,
1403715276.447143077850342,-0.008540099334658,-0.008107872992153,-0.005872810664436,-0.067184788239963,-0.093409730566675,-0.015871923337653,
1403715276.452142953872681,-0.008882390416113,-0.008587529549820,-0.005951597667637,-0.069735039341755,-0.098457649953841,-0.015643659388387,
1403715276.457143068313599,-0.009236369850193,-0.009091175858326,-0.006033194644154,-0.071853493586022,-0.102996262534560,-0.016994384192780,
1403715276.462142944335938,-0.005434977973925,-0.003809274222164,-0.004996889558803,-0.047868564776005,-0.067650998864455,-0.013364974418809,
1403715276.467143058776855,-0.005678340289286,-0.004149781145148,-0.005064083845938,-0.049474133370746,-0.068548652966746,-0.013512125267405,
1403715276.472142934799194,-0.005931126127179,-0.004497135189891,-0.005129354324833,-0.051642709032453,-0.070396410147025,-0.012596713672967,
1403715276.477143049240112,-0.006195962890824,-0.004858521599911,-0.005186263837211,-0.054289571827841,-0.074154845345400,-0.010166570268175,
1403715276.482142925262451,-0.006474154664350,-0.005240123411462,-0.005233235320680,-0.056989896816503,-0.078489664176901,-0.008622489003983,
1403715276.487143039703369,-0.006764700301684,-0.005641678173489,-0.005278288644676,-0.059225698152995,-0.082128564374149,-0.009398428128554,
1403715276.492142915725708,-0.007065202479859,-0.006058132884185,-0.005325694078018,-0.060978153635680,-0.084457450493243,-0.009564215396780,
1403715276.497143030166626,-0.007374841668109,-0.006484851093210,-0.005374394886643,-0.062874686897853,-0.086225926484442,-0.009915662194487,
1403715276.502142906188965,-0.007695149971696,-0.006925716302843,-0.005424512009188,-0.065251811501703,-0.090124530072229,-0.010131683908045,
1403715276.507143020629883,-0.008028006051381,-0.007391217597269,-0.005476108592863,-0.067887573053253,-0.096071726003791,-0.010506477192043,
1403715276.512142896652222,-0.006437799580358,-0.004949292054720,-0.005014291416270,-0.056757899717294,-0.079222787996075,-0.008329908429350,
1403715276.517143011093140,-0.006726411094331,-0.005351593831250,-0.005057388999920,-0.058684063615039,-0.081694239517630,-0.008908730469328,
1403715276.522142887115479,-0.007022563008274,-0.005762788910377,-0.005105311471898,-0.059779639332785,-0.082787870554544,-0.010260733639141,
1403715276.527143001556396,-0.007323908568972,-0.006179770505574,-0.005158663776816,-0.060755826108388,-0.084000950031068,-0.011079699884214,
1403715276.532143115997314,-0.007630975403525,-0.006607705891366,-0.005214279427817,-0.062068096496441,-0.087169286509844,-0.011166051351296,
1403715276.537142992019653,-0.007945320327126,-0.007057917052831,-0.005273643345166,-0.063672990761175,-0.092919643477256,-0.012580104386848,
1403715276.542143106460571,-0.008267946316371,-0.007537304041532,-0.005341400453205,-0.065374451275270,-0.098830763184596,-0.014522118508215,
1403715276.547142982482910,-0.008597953199696,-0.008040850757613,-0.005419385199916,-0.066631575214395,-0.102592917655053,-0.016672553664560,
1403715276.552143096923828,-0.008933739738585,-0.008555920373632,-0.005504105784795,-0.067679966193949,-0.103430213257440,-0.017214904664756,
1403715276.557142972946167,-0.009275477419632,-0.009072478357691,-0.005589221537892,-0.069018495736031,-0.103198103824944,-0.016832240791131,
1403715276.562143087387085,-0.006605735720674,-0.005785941043883,-0.005402471274247,-0.049512671952034,-0.076875772384433,-0.017521481630810,
1403715276.567142963409424,-0.006857997741880,-0.006178323942721,-0.005493902442978,-0.051394638580766,-0.080081278984255,-0.019051892717820,
1403715276.572143077850342,-0.007120266266396,-0.006590972794584,-0.005592178109821,-0.053510370140333,-0.084974483934502,-0.020257474299313,
1403715276.577142953872681,-0.007394375448375,-0.007029650763754,-0.005696050816948,-0.056136021392140,-0.090501054742749,-0.021292638808514,
1403715276.582143068313599,-0.007681658558178,-0.007494460779846,-0.005806216203338,-0.058774592433758,-0.095418696328705,-0.022772507176429,
1403715276.587142944335938,-0.007980904245309,-0.007979373927614,-0.005925509568749,-0.060926650474845,-0.098551372369507,-0.024946022194378,
1403715276.592143058776855,-0.008290381261170,-0.008478673205703,-0.006053300846629,-0.062861322587409,-0.101163767749507,-0.026169319020384,
1403715276.597142934799194,-0.008609203249705,-0.008991888064683,-0.006184340102072,-0.064670635049442,-0.104127266142850,-0.026247682864172,
1403715276.602143049240112,-0.008936557592576,-0.009518620805210,-0.006315358160874,-0.066268105149117,-0.106561007796006,-0.026158341178034,
1403715276.607142925262451,-0.009271647203000,-0.010056470470216,-0.006448918171779,-0.067771062592979,-0.108584192846333,-0.027266987893438,
1403715276.612143039703369,-0.006474066463142,-0.006063318657820,-0.005876707241795,-0.048443191292606,-0.079288364349544,-0.024239251762940,
1403715276.617142915725708,-0.006720958726849,-0.006466896091580,-0.005996722214727,-0.050316162980800,-0.082146612020693,-0.023767927773579,
1403715276.622143030166626,-0.006977597019572,-0.006885558419036,-0.006113944299906,-0.052336804568535,-0.085314486081064,-0.023119833122030,
1403715276.627142906188965,-0.007244232602337,-0.007321087372117,-0.006229860479182,-0.054320073151589,-0.088901414927252,-0.023247788298255,
1403715276.632143020629883,-0.007521560427711,-0.007775990925847,-0.006347976979692,-0.056608518043947,-0.093055841893728,-0.023997730541649,
1403715276.637142896652222,-0.007811052479330,-0.008252757961019,-0.006469898075225,-0.059191173918712,-0.097655700969222,-0.024771916940881,
1403715276.642143011093140,-0.008113164570194,-0.008750006680446,-0.006594813312119,-0.061650896571312,-0.101239234457962,-0.025193034209791,
1403715276.647142887115479,-0.008426810271882,-0.009260726656693,-0.006723332132123,-0.063810494985758,-0.103053821595770,-0.026215768500685,
1403715276.652143001556396,-0.008751089578233,-0.009781682587876,-0.006854692034643,-0.065898258756959,-0.105323781492724,-0.026326989898694,
1403715276.657143115997314,-0.009086768859526,-0.010318198799850,-0.006986982451957,-0.068370380594815,-0.109277791456752,-0.026587965899897,
1403715276.662142992019653,-0.006433240666825,-0.006046996574877,-0.006061600301471,-0.050849107811630,-0.080352999301383,-0.020470961655037,
1403715276.667143106460571,-0.006690760279399,-0.006453289014503,-0.006164081939574,-0.052156379609257,-0.082160256915821,-0.020520755360400,
1403715276.672142982482910,-0.006955662811204,-0.006867168476111,-0.006265871643941,-0.053807260537792,-0.083395632773696,-0.020196135983227,
1403715276.677143096923828,-0.007230944916682,-0.007291869941685,-0.006362378113922,-0.056303061428235,-0.086481065287013,-0.018405568486202,
1403715276.682142972946167,-0.007519413581390,-0.007737616704649,-0.006454346966801,-0.059087265619247,-0.091822061019502,-0.018382884854968,
1403715276.687143087387085,-0.007821385762098,-0.008208781649860,-0.006546904929695,-0.061698842089452,-0.096639603519686,-0.018639452928570,
1403715276.692142963409424,-0.008134048156220,-0.008700067131606,-0.006644182487459,-0.063369216688596,-0.099879461973250,-0.020272535020456,
1403715276.697143077850342,-0.008456186545931,-0.009207154275190,-0.006746412526329,-0.065483189998316,-0.102950753045235,-0.020618544605090,
1403715276.702142953872681,-0.008790683871186,-0.009730578787225,-0.006848774045820,-0.068319057801640,-0.106424243333473,-0.020327078459767,
1403715276.707143068313599,-0.009138957105911,-0.010271809789191,-0.006950535677191,-0.070987047624521,-0.110063202448415,-0.020376642454341,
1403715276.712142944335938,-0.006480552404263,-0.006070110977858,-0.006065457174287,-0.052980767677308,-0.081192369569069,-0.015096700368786,
1403715276.717143058776855,-0.006749041557125,-0.006482896359096,-0.006141830882474,-0.054412435432424,-0.083918003849622,-0.015452083699481,
1403715276.722142934799194,-0.007027332510001,-0.006912552259774,-0.006219106129087,-0.056906705935096,-0.087948617945705,-0.015458781397397,
1403715276.727143049240112,-0.007317421975542,-0.007363350500632,-0.006298565913951,-0.059126424493647,-0.092366551311145,-0.016324405088438,
1403715276.732142925262451,-0.007616484371665,-0.007833553839861,-0.006382764613304,-0.060501500193872,-0.095719448072793,-0.017355909774329,
1403715276.737143039703369,-0.007921617856893,-0.008319282243331,-0.006474712202825,-0.061549100380783,-0.098567466440656,-0.019422284248113,
1403715276.742142915725708,-0.008233671486118,-0.008820274574924,-0.006573586105751,-0.063275446400253,-0.101834435268475,-0.020128257598972,
1403715276.747143030166626,-0.008554929116498,-0.009338949350018,-0.006673470699609,-0.065224664617387,-0.105630726268220,-0.019824665494252,
1403715276.752142906188965,-0.008885428431619,-0.009875503966916,-0.006774423578535,-0.066978339474802,-0.108996442285988,-0.020557487373117,
1403715276.757143020629883,-0.009223739855842,-0.010429347685128,-0.006883106412533,-0.068343132951826,-0.112535974524152,-0.022914651227664,
1403715276.762142896652222,-0.006348045317136,-0.005899826790627,-0.006397450941760,-0.049146070138593,-0.083030489731483,-0.021072528671751,
1403715276.767143011093140,-0.006600594301446,-0.006325820084491,-0.006501956676359,-0.051871211483358,-0.087362927818444,-0.020728808411189,
1403715276.772142887115479,-0.006865381763959,-0.006772027816721,-0.006607943438533,-0.054046399805048,-0.091124590766566,-0.021666947684012,
1403715276.777143001556396,-0.007135832247573,-0.007233730517735,-0.006722661878809,-0.054131317649187,-0.093552262721104,-0.024219378171495,
1403715276.782143115997314,-0.007406567354899,-0.007706713234090,-0.006844929635875,-0.054160246684183,-0.095636493634009,-0.024686605285710,
1403715276.787142992019653,-0.007682392092383,-0.008192871325616,-0.006963305307686,-0.056172384065451,-0.098831564915468,-0.022664837543224,
1403715276.792143106460571,-0.007968505214878,-0.008695496506539,-0.007077601855312,-0.058270245548600,-0.102213905887955,-0.023052735114841,
1403715276.797142982482910,-0.008262139236928,-0.009212638030699,-0.007197293243726,-0.059186275668564,-0.104647833022917,-0.024825007405007,
1403715276.802143096923828,-0.008559964246879,-0.009742150223469,-0.007321597205954,-0.059941001704631,-0.107152196367241,-0.024895439475246,
1403715276.807142972946167,-0.008865075671436,-0.010289810075795,-0.007441435466475,-0.062106594353524,-0.111917176505002,-0.023041053343998,
1403715276.812143087387085,-0.006313424215347,-0.006057949314249,-0.005622552650395,-0.046390208469044,-0.085157916004390,-0.011871574766691,
1403715276.817142963409424,-0.006551870991805,-0.006492610684262,-0.005688798462799,-0.048990867138902,-0.088710943171700,-0.014627407251356,
1403715276.822143077850342,-0.006802490344610,-0.006944658393677,-0.005760912680620,-0.051254579546866,-0.092104002068622,-0.014217619666689,
1403715276.827142953872681,-0.007064452559880,-0.007416195359277,-0.005826191602907,-0.053532904822481,-0.096515461091392,-0.011894596714303,
1403715276.832143068313599,-0.007338234978502,-0.007906006418841,-0.005888505122012,-0.055977556131002,-0.099404478482494,-0.013030240443334,
1403715276.837142944335938,-0.007622928648634,-0.008405949954777,-0.005960641293122,-0.057902735644349,-0.100577894561497,-0.015824943480251,
1403715276.842143058776855,-0.007916697373115,-0.008915593444326,-0.006035991563010,-0.059602064676227,-0.103274835439352,-0.014314474638491,
1403715276.847142934799194,-0.008219814475216,-0.009442066037103,-0.006106647743781,-0.061647782618997,-0.107319423468132,-0.013948698470571,
1403715276.852143049240112,-0.008533451106663,-0.009987367649015,-0.006183758332214,-0.063803998596126,-0.110796229025584,-0.016894830950258,
1403715276.857142925262451,-0.008855702730243,-0.010547615578402,-0.006271881689771,-0.065099847075422,-0.113308499525407,-0.018355386120357,
1403715276.862143039703369,-0.006334293475911,-0.006287697036806,-0.005307053772539,-0.048192821951758,-0.083885550793325,-0.011216518813571,
1403715276.867142915725708,-0.006580631502281,-0.006716011741990,-0.005362790058180,-0.050344831889950,-0.087444579502028,-0.011078548260782,
1403715276.872143030166626,-0.006836701618221,-0.007160985070005,-0.005423838992069,-0.052080870147829,-0.090540677944979,-0.013340466388067,
1403715276.877142906188965,-0.007100677331034,-0.007618490693824,-0.005487725778798,-0.053512033209525,-0.092466109333100,-0.012214881962033,
1403715276.882143020629883,-0.007374991268714,-0.008087316265265,-0.005546100449804,-0.056211030500849,-0.095059827115152,-0.011134452016528,
1403715276.887142896652222,-0.007663163921017,-0.008571555796826,-0.005608798346187,-0.059060888649175,-0.098640788419279,-0.013945328402922,
1403715276.892143011093140,-0.007962149738228,-0.009070166882837,-0.005682529383731,-0.060530701000932,-0.100799081168681,-0.015546411602281,
1403715276.897142887115479,-0.008270256486096,-0.009579222144507,-0.005756057719177,-0.062715054090110,-0.102828072542876,-0.013865651864102,
1403715276.902143001556396,-0.008590881332649,-0.010102179506907,-0.005828749350737,-0.065531949190328,-0.106350084709074,-0.015210335263099,
1403715276.907143115997314,-0.008922314796358,-0.010643957882410,-0.005914612962251,-0.067038401998465,-0.110356305476692,-0.019134323255801,
